{"v":"5.6.10","fr":60,"ip":0,"op":79,"w":540,"h":690,"nm":"合成 2","ddd":0,"assets":[{"id":"comp_0","layers":[{"ddd":0,"ind":1,"ty":4,"nm":"main","sr":1,"ks":{"o":{"a":0,"k":100,"ix":11},"r":{"a":1,"k":[{"i":{"x":[0.146],"y":[1]},"o":{"x":[0.333],"y":[0]},"t":14,"s":[0]},{"i":{"x":[0.146],"y":[1]},"o":{"x":[0.333],"y":[0]},"t":20,"s":[11]},{"i":{"x":[0.714],"y":[1]},"o":{"x":[0.159],"y":[0]},"t":26,"s":[0]},{"i":{"x":[0.048],"y":[1]},"o":{"x":[0.333],"y":[0]},"t":54.5,"s":[0]},{"i":{"x":[0.048],"y":[1]},"o":{"x":[0.333],"y":[0]},"t":60,"s":[-10]},{"t":65.5,"s":[0]}],"ix":10},"p":{"a":1,"k":[{"i":{"x":0.601,"y":1},"o":{"x":0.547,"y":0},"t":0,"s":[338.761,494.1,0],"to":[0,0,0],"ti":[0,0,0]},{"i":{"x":0.548,"y":1},"o":{"x":0.399,"y":0},"t":20,"s":[338.761,759.3,0],"to":[0,0,0],"ti":[0,0,0]},{"i":{"x":0.601,"y":1},"o":{"x":0.481,"y":0},"t":40,"s":[338.761,494.1,0],"to":[0,0,0],"ti":[0,0,0]},{"i":{"x":0.482,"y":1},"o":{"x":0.367,"y":0},"t":60,"s":[338.761,759.3,0],"to":[0,0,0],"ti":[0,0,0]},{"t":80,"s":[338.761,494.1,0]}],"ix":2},"a":{"a":0,"k":[959.761,740.1,0],"ix":1},"s":{"a":1,"k":[{"i":{"x":[0.667,0.667,0.667],"y":[1,1,1]},"o":{"x":[0.333,0.333,0.333],"y":[0,0,0]},"t":0,"s":[100,100,100]},{"i":{"x":[0.667,0.667,0.667],"y":[1,1,1]},"o":{"x":[0.333,0.333,0.333],"y":[0,0,0]},"t":10,"s":[90,110,100]},{"i":{"x":[0.667,0.667,0.667],"y":[1,1,1]},"o":{"x":[0.333,0.333,0.333],"y":[0,0,0]},"t":20,"s":[110,90,100]},{"i":{"x":[0.667,0.667,0.667],"y":[1,1,1]},"o":{"x":[0.333,0.333,0.333],"y":[0,0,0]},"t":24,"s":[100,100,100]},{"i":{"x":[0.667,0.667,0.667],"y":[1,1,1]},"o":{"x":[0.333,0.333,0.333],"y":[0,0,0]},"t":40,"s":[100,100,100]},{"i":{"x":[0.667,0.667,0.667],"y":[1,1,1]},"o":{"x":[0.333,0.333,0.333],"y":[0,0,0]},"t":50,"s":[90,110,100]},{"i":{"x":[0.667,0.667,0.667],"y":[1,1,1]},"o":{"x":[0.333,0.333,0.333],"y":[0,0,0]},"t":60,"s":[110,90,100]},{"t":64,"s":[100,100,100]}],"ix":6}},"ao":0,"shapes":[{"ty":"gr","it":[{"ty":"gr","it":[{"ind":0,"ty":"sh","ix":1,"ks":{"a":0,"k":{"i":[[2.01,-15.46],[3.89,-9.12],[3.88,-5.74],[4.98,-4.97],[3.57,-2.77],[1.48,-1.04],[0.75,-0.49],[0.57,-0.38],[1.45,-0.82],[0.52,-0.28],[0.16,-0.07],[0.69,-0.34],[0.79,-0.36],[33.32,33.31],[4.94,9.4],[1.68,12.17],[-21.23,24.25],[-1.73,1.73],[-5.62,3.8],[-37.13,-37.12],[-3.45,-4.91],[-0.46,-0.73],[-0.43,-0.67],[-0.05,-0.09],[-0.41,-0.7],[-0.64,-1.15],[-0.36,-0.67],[-0.12,-0.23],[-0.36,-0.74],[-0.33,-0.67],[0,-0.02],[-0.58,-1.41],[-0.26,-0.67],[-0.25,-0.68],[-0.5,-1.57],[-0.01,-0.04]],"o":[[-1.26,9.69],[-2.65,6.24],[-3.79,5.63],[-3.3,3.29],[-1.45,1.11],[-0.73,0.51],[-0.58,0.39],[-1.39,0.88],[-0.52,0.31],[-0.13,0.08],[-0.66,0.38],[-0.78,0.41],[-40.14,19.4],[-7.9,-7.9],[-5.85,-11.13],[-4.18,-30.08],[1.58,-1.82],[4.98,-4.97],[41.94,-28.36],[4.39,4.41],[0.53,0.69],[0.47,0.66],[0.05,0.09],[0.45,0.7],[0.68,1.1],[0.37,0.68],[0.12,0.23],[0.38,0.74],[0.33,0.68],[0.01,0.02],[0.64,1.37],[0.27,0.66],[0.27,0.67],[0.57,1.55],[0,0.04],[4.7,14.99]],"v":[[106.685,13.85],[98.965,42.21],[89.165,60.22],[76.015,76.18],[65.685,85.28],[61.315,88.49],[59.085,89.99],[57.345,91.13],[53.065,93.69],[51.475,94.58],[51.055,94.8],[49.005,95.87],[46.675,97.04],[-76.485,76.18],[-95.735,50.07],[-107.035,14.82],[-81.455,-71],[-76.485,-76.32],[-60.535,-89.47],[76.015,-76.32],[87.795,-62.32],[89.275,-60.19],[90.605,-58.18],[90.775,-57.9],[92.065,-55.81],[94.035,-52.46],[95.125,-50.46],[95.475,-49.78],[96.595,-47.55],[97.585,-45.53],[97.615,-45.45],[99.435,-41.26],[100.245,-39.26],[101.005,-37.22],[102.615,-32.54],[102.645,-32.42]],"c":true},"ix":2},"nm":"路径 1","mn":"ADBE Vector Shape - Group","hd":false},{"ind":1,"ty":"sh","ix":2,"ks":{"a":0,"k":{"i":[[8.55,15.9],[43.05,0],[20.67,-23.34],[0,-28.72],[-1.88,-8.18],[-6.56,-10.45],[-40.35,0],[-17.53,39.62],[-1.61,7],[0,0],[0,8.76]],"o":[[-19.05,-35.43],[-33.64,0],[-17.68,19.93],[0,8.76],[2.86,12.39],[19.96,31.84],[46.12,0],[2.85,-6.43],[0,-0.01],[1.89,-8.19],[0,-19.31]],"v":[[99.525,-53.4],[-0.005,-112.92],[-84.525,-74.87],[-112.925,0],[-110.045,25.46],[-95.735,59.91],[-0.005,112.92],[103.305,45.66],[110.035,25.48],[110.035,25.47],[112.925,0]],"c":true},"ix":2},"nm":"路径 2","mn":"ADBE Vector Shape - Group","hd":false},{"ty":"gf","o":{"a":0,"k":100,"ix":10},"r":1,"bm":0,"g":{"p":3,"k":{"a":0,"k":[0,0.769,0.027,0.659,0.5,0.616,0.061,0.594,1,0.463,0.094,0.529],"ix":9}},"s":{"a":0,"k":[2.234,-103.312],"ix":5},"e":{"a":0,"k":[3.953,114.828],"ix":6},"t":1,"nm":"Gradient1","mn":"ADBE Vector Graphic - G-Fill","hd":false},{"ty":"tr","p":{"a":0,"k":[0,0],"ix":2},"a":{"a":0,"k":[0,0],"ix":1},"s":{"a":0,"k":[100,100],"ix":3},"r":{"a":0,"k":0,"ix":6},"o":{"a":0,"k":100,"ix":7},"sk":{"a":0,"k":0,"ix":4},"sa":{"a":0,"k":0,"ix":5},"nm":"变换"}],"nm":"Group 1","np":3,"cix":2,"bm":0,"ix":1,"mn":"ADBE Vector Group","hd":false},{"ty":"tr","p":{"a":0,"k":[960.005,489.08],"ix":2},"a":{"a":0,"k":[0,0],"ix":1},"s":{"a":0,"k":[100,100],"ix":3},"r":{"a":0,"k":0,"ix":6},"o":{"a":0,"k":100,"ix":7},"sk":{"a":0,"k":0,"ix":4},"sa":{"a":0,"k":0,"ix":5},"nm":"变换"}],"nm":"Layer 1","np":1,"cix":2,"bm":0,"ix":1,"mn":"ADBE Vector Group","hd":false},{"ty":"gr","it":[{"ty":"gr","it":[{"ty":"tr","p":{"a":0,"k":[960.005,489.08],"ix":2},"a":{"a":0,"k":[960.005,489.08],"ix":1},"s":{"a":0,"k":[100,100],"ix":3},"r":{"a":0,"k":0,"ix":6},"o":{"a":0,"k":100,"ix":7},"sk":{"a":0,"k":0,"ix":4},"sa":{"a":0,"k":0,"ix":5},"nm":"变换"}],"nm":"Group 1","np":0,"cix":2,"bm":0,"ix":1,"mn":"ADBE Vector Group","hd":false},{"ty":"gr","it":[{"ind":0,"ty":"sh","ix":1,"ks":{"a":0,"k":{"i":[[1.89,-8.19],[0,-0.01],[2.85,-6.43],[46.12,0],[19.96,31.84],[2.86,12.39],[0,8.76],[-17.68,19.93],[-33.64,0],[-19.05,-35.43],[0,-19.31]],"o":[[0,0],[-1.61,7],[-17.53,39.62],[-40.35,0],[-6.56,-10.45],[-1.88,-8.18],[0,-28.72],[20.67,-23.34],[43.05,0],[8.55,15.9],[0,8.76]],"v":[[110.279,-11.206],[110.279,-11.196],[103.549,8.984],[0.239,76.244],[-95.491,23.234],[-109.801,-11.216],[-112.681,-36.676],[-84.281,-111.546],[0.239,-149.596],[99.769,-90.076],[113.169,-36.676]],"c":true},"ix":2},"nm":"路径 1","mn":"ADBE Vector Shape - Group","hd":false},{"ind":1,"ty":"sh","ix":2,"ks":{"a":0,"k":{"i":[[12.25,31.09],[6.06,9.56],[1.24,1.8],[6.37,6.75],[0.85,0.86],[0.39,0.38],[0.36,0.38],[68.99,-68.98],[1.2,-1.27],[6.19,-9.98],[0.78,-1.35],[3.88,-17.98],[-21.19,-38.09],[-7.63,-8.97],[-3.49,-3.49],[0,0],[-0.23,-0.21],[0,0],[0,0],[-0.18,0.14],[0,0],[-3.14,3.7],[-5.46,29.65]],"o":[[-4.05,-10.32],[-1.17,-1.84],[-5.11,-7.43],[-0.82,-0.88],[-0.39,-0.39],[-0.38,-0.38],[-69.46,-68.21],[-1.25,1.25],[-8.35,8.86],[-0.82,1.33],[-9.52,16.31],[-8.99,41.62],[5.55,9.97],[3.13,3.7],[0,0],[0.23,0.2],[0,0],[0,0],[0.17,-0.14],[0,0],[3.49,-3.49],[20.62,-24.29],[5.99,-32.51]],"v":[[165.259,-101.886],[150.079,-131.776],[146.469,-137.236],[129.249,-158.546],[126.739,-161.156],[125.579,-162.326],[124.439,-163.466],[-125.591,-162.326],[-129.261,-158.546],[-151.071,-130.196],[-153.481,-126.186],[-173.581,-74.396],[-155.291,49.544],[-135.531,78.044],[-125.591,88.844],[-118.591,95.834],[-117.891,96.454],[-0.001,214.344],[114.779,99.554],[115.289,99.134],[125.579,88.844],[135.529,78.044],[174.649,-4.426]],"c":true},"ix":2},"nm":"路径 2","mn":"ADBE Vector Shape - Group","hd":false},{"ty":"gf","o":{"a":0,"k":100,"ix":10},"r":1,"bm":0,"g":{"p":3,"k":{"a":0,"k":[0,1,0.455,0.651,0.5,0.829,0.304,0.629,1,0.659,0.153,0.608],"ix":9}},"s":{"a":0,"k":[-8.406,-199.328],"ix":5},"e":{"a":0,"k":[6.922,199.938],"ix":6},"t":1,"nm":"Gradient2","mn":"ADBE Vector Graphic - G-Fill","hd":false},{"ty":"tr","p":{"a":0,"k":[959.761,525.756],"ix":2},"a":{"a":0,"k":[0,0],"ix":1},"s":{"a":0,"k":[100,100],"ix":3},"r":{"a":0,"k":0,"ix":6},"o":{"a":0,"k":100,"ix":7},"sk":{"a":0,"k":0,"ix":4},"sa":{"a":0,"k":0,"ix":5},"nm":"变换"}],"nm":"Group 2","np":3,"cix":2,"bm":0,"ix":2,"mn":"ADBE Vector Group","hd":false},{"ty":"gr","it":[{"ind":0,"ty":"sh","ix":1,"ks":{"a":0,"k":{"i":[[0,-60.267],[60.267,0],[0,60.267],[-60.267,0]],"o":[[0,60.267],[-60.267,0],[0,-60.267],[60.267,0]],"v":[[109.123,0],[0,109.123],[-109.123,0],[0,-109.123]],"c":true},"ix":2},"nm":"路径 1","mn":"ADBE Vector Shape - Group","hd":false},{"ty":"tr","p":{"a":0,"k":[959.396,488.577],"ix":2},"a":{"a":0,"k":[0,0],"ix":1},"s":{"a":0,"k":[100,100],"ix":3},"r":{"a":0,"k":0,"ix":6},"o":{"a":0,"k":100,"ix":7},"sk":{"a":0,"k":0,"ix":4},"sa":{"a":0,"k":0,"ix":5},"nm":"变换"}],"nm":"Group 3","np":1,"cix":2,"bm":0,"ix":3,"mn":"ADBE Vector Group","hd":false},{"ty":"gr","it":[{"ind":0,"ty":"sh","ix":1,"ks":{"a":0,"k":{"i":[[0,-23.01],[2.02,-10.73],[19.37,-22.95],[7.59,-6.43],[0,0],[-3.14,3.7],[-5.46,29.65],[12.25,31.09],[6.06,9.56],[1.24,1.8],[6.37,6.75],[0.85,0.86],[0.39,0.38],[0.36,0.38],[68.99,-68.98],[1.2,-1.27],[6.19,-9.98],[0.78,-1.35],[3.88,-17.98],[-21.19,-38.09],[-7.63,-8.97],[-3.49,-3.49],[0,0],[5.34,6.32],[5.58,10],[0,31.45],[-2.62,12.15],[-9.34,15.94],[-0.83,1.32],[-8.09,8.6],[-51.15,0],[-32.46,-34.56],[-5.1,-7.42],[-1.03,-1.61],[-4.29,-10.87]],"o":[[0,11.32],[-5.78,30.72],[-6.42,7.6],[0,0],[3.49,-3.49],[20.62,-24.29],[5.99,-32.51],[-4.05,-10.32],[-1.17,-1.84],[-5.11,-7.43],[-0.82,-0.88],[-0.39,-0.39],[-0.38,-0.38],[-69.46,-68.21],[-1.25,1.25],[-8.35,8.86],[-0.82,1.33],[-9.52,16.31],[-8.99,41.62],[5.55,9.97],[3.13,3.7],[0,0],[-6.15,-5.52],[-7.34,-8.69],[-14.31,-25.64],[0,-12.94],[4.02,-18.61],[0.78,-1.34],[6.25,-10.08],[32.46,-34.56],[51.16,0],[6.15,6.54],[1.09,1.57],[6.24,9.71],[7.94,20.19]],"v":[[178,21.09],[174.92,54.22],[136.1,135.82],[115.05,156.91],[125.34,146.62],[135.29,135.82],[174.41,53.35],[165.02,-44.11],[149.84,-74],[146.23,-79.46],[129.01,-100.77],[126.5,-103.38],[125.34,-104.55],[124.2,-105.69],[-125.83,-104.55],[-129.5,-100.77],[-151.31,-72.42],[-153.72,-68.41],[-173.82,-16.62],[-155.53,107.32],[-135.77,135.82],[-125.83,146.62],[-118.83,153.61],[-136.09,135.82],[-155.53,107.72],[-178,21.09],[-174,-16.62],[-153.72,-68.7],[-151.31,-72.69],[-129.73,-100.77],[0,-156.91],[129.74,-100.77],[146.66,-79.8],[149.84,-75.03],[165.69,-44.11]],"c":true},"ix":2},"nm":"路径 1","mn":"ADBE Vector Shape - Group","hd":false},{"ty":"tr","p":{"a":0,"k":[960,467.98],"ix":2},"a":{"a":0,"k":[0,0],"ix":1},"s":{"a":0,"k":[100,100],"ix":3},"r":{"a":0,"k":0,"ix":6},"o":{"a":0,"k":100,"ix":7},"sk":{"a":0,"k":0,"ix":4},"sa":{"a":0,"k":0,"ix":5},"nm":"变换"}],"nm":"Group 4","np":1,"cix":2,"bm":0,"ix":4,"mn":"ADBE Vector Group","hd":false},{"ty":"tr","p":{"a":0,"k":[959.761,525.756],"ix":2},"a":{"a":0,"k":[959.761,525.756],"ix":1},"s":{"a":0,"k":[100,100],"ix":3},"r":{"a":0,"k":0,"ix":6},"o":{"a":0,"k":100,"ix":7},"sk":{"a":0,"k":0,"ix":4},"sa":{"a":0,"k":0,"ix":5},"nm":"变换"}],"nm":"pink","np":4,"cix":2,"bm":0,"ix":2,"mn":"ADBE Vector Group","hd":false}],"ip":0,"op":147,"st":0,"bm":0},{"ddd":0,"ind":2,"ty":4,"nm":"up","parent":1,"sr":1,"ks":{"o":{"a":0,"k":100,"ix":11},"r":{"a":0,"k":0,"ix":10},"p":{"a":1,"k":[{"i":{"x":0.112,"y":1},"o":{"x":0.333,"y":0},"t":23,"s":[967.727,347.355,0],"to":[0,0,0],"ti":[0,0,0]},{"i":{"x":0.833,"y":0.833},"o":{"x":0.167,"y":0.167},"t":30,"s":[967.727,421.355,0],"to":[0,0,0],"ti":[0,0,0]},{"i":{"x":0.667,"y":1},"o":{"x":0.888,"y":0},"t":63,"s":[967.727,421.355,0],"to":[0,0,0],"ti":[0,0,0]},{"t":70,"s":[967.727,347.355,0]}],"ix":2},"a":{"a":0,"k":[0,0,0],"ix":1},"s":{"a":1,"k":[{"i":{"x":[0.112,0.112,0.667],"y":[1,1,1]},"o":{"x":[0.333,0.333,0.333],"y":[0,0,0]},"t":23,"s":[74,74,100]},{"i":{"x":[0.833,0.833,0.833],"y":[1,1,1]},"o":{"x":[0.167,0.167,0.167],"y":[0,0,0]},"t":30,"s":[100,100,100]},{"i":{"x":[0.667,0.667,0.667],"y":[1,1,1]},"o":{"x":[0.888,0.888,0.333],"y":[0,0,0]},"t":63,"s":[100,100,100]},{"t":70,"s":[74,74,100]}],"ix":6}},"ao":0,"shapes":[{"ty":"gr","it":[{"ind":0,"ty":"sh","ix":1,"ks":{"a":0,"k":{"i":[[-19.13,-35.14],[0,0],[0,0],[0,0],[0,0],[0,0],[0,0],[0,0],[0,0],[0,0],[0,0],[0,0],[0,0],[0,0],[0,0],[0,0],[0,0],[0,0],[0,0],[0,0],[0,0],[0,0],[0,0],[0,0],[0,0],[0,0],[0,0],[0,0],[0,0],[0,0],[0,0],[0,0],[0,0],[0,0],[0,0],[0,0],[0,0],[0,0],[0,0],[0,0],[0,0],[0,0],[0,0],[0,0],[0,0],[0,0],[0,0],[0,0],[0,0],[0,0],[0,0],[0,0],[0,0],[0,0],[0,0],[0,0],[0,0],[0,0],[0,0],[0,0],[0,0],[0,0],[0,0],[0,0],[0,0],[0,0],[0,0],[0,0],[0,0],[0,0],[0,0],[0,0],[0,0],[0,0],[0,0],[0,0],[-0.24,0.27],[-33.64,0]],"o":[[0,0],[0,0],[0,0],[0,0],[0,0],[0,0],[0,0],[0,0],[0,0],[0,0],[0,0],[0,0],[0,0],[0,0],[0,0],[0,0],[0,0],[0,0],[0,0],[0,0],[0,0],[0,0],[0,0],[0,0],[0,0],[0,0],[0,0],[0,0],[0,0],[0,0],[0,0],[0,0],[0,0],[0,0],[0,0],[0,0],[0,0],[0,0],[0,0],[0,0],[0,0],[0,0],[0,0],[0,0],[0,0],[0,0],[0,0],[0,0],[0,0],[0,0],[0,0],[0,0],[0,0],[0,0],[0,0],[0,0],[0,0],[0,0],[0,0],[0,0],[0,0],[0,0],[0,0],[0,0],[0,0],[0,0],[0,0],[0,0],[0,0],[0,0],[0,0],[0,0],[0,0],[0,0],[0,0],[0.22,-0.27],[20.67,-23.34],[42.83,0]],"v":[[92.225,13.785],[92.225,14.325],[90.055,14.325],[90.055,17.945],[84.515,17.945],[84.515,20.595],[79.205,20.595],[79.205,30.005],[69.805,30.005],[69.805,20.835],[65.225,20.835],[65.225,17.945],[60.645,17.945],[60.645,22.765],[57.025,22.765],[57.025,31.205],[54.375,31.205],[54.375,22.765],[50.995,22.765],[50.995,18.185],[46.655,18.185],[46.655,14.325],[42.315,14.325],[42.315,-6.645],[35.805,-6.645],[35.805,-12.435],[34.595,-12.435],[34.595,-17.495],[33.155,-17.495],[33.155,0.105],[30.745,0.105],[30.745,5.165],[27.605,5.165],[27.605,10.475],[24.955,10.475],[24.955,19.155],[22.785,19.155],[22.785,10.715],[20.135,10.715],[20.135,5.165],[17.485,5.165],[17.485,-0.135],[15.555,-0.135],[15.555,-12.675],[10.975,-12.675],[10.975,-14.605],[9.525,-14.605],[9.525,-16.295],[7.835,-16.295],[7.835,-17.255],[6.875,-17.255],[6.875,-18.945],[5.665,-18.945],[5.665,-9.055],[1.325,-9.055],[1.325,23.495],[-2.295,23.495],[-2.295,28.315],[-24.955,28.315],[-24.955,23.735],[-31.705,23.735],[-31.705,-23.045],[-36.525,-23.045],[-36.525,-15.325],[-45.935,-15.325],[-45.935,41.575],[-50.755,41.575],[-50.755,45.195],[-54.375,45.195],[-54.375,41.815],[-81.615,41.815],[-81.615,20.355],[-86.445,20.355],[-86.445,-3.275],[-92.225,-3.275],[-92.225,-6.335],[-91.525,-7.145],[-7.005,-45.195]],"c":true},"ix":2},"nm":"路径 1","mn":"ADBE Vector Shape - Group","hd":false},{"ty":"fl","c":{"a":0,"k":[0.16862745098,0.011764705882,0.2,1],"ix":4},"o":{"a":0,"k":100,"ix":5},"r":1,"bm":0,"nm":"Fill 1","mn":"ADBE Vector Graphic - Fill","hd":false},{"ty":"tr","p":{"a":0,"k":[0,0],"ix":2},"a":{"a":0,"k":[0,0],"ix":1},"s":{"a":0,"k":[100,100],"ix":3},"r":{"a":0,"k":0,"ix":6},"o":{"a":0,"k":100,"ix":7},"sk":{"a":0,"k":0,"ix":4},"sa":{"a":0,"k":0,"ix":5},"nm":"变换"}],"nm":"Group 1","np":2,"cix":2,"bm":0,"ix":1,"mn":"ADBE Vector Group","hd":false}],"ip":0,"op":147,"st":0,"bm":0},{"ddd":0,"ind":3,"ty":4,"nm":"down","parent":1,"sr":1,"ks":{"o":{"a":0,"k":100,"ix":11},"r":{"a":0,"k":0,"ix":10},"p":{"a":1,"k":[{"i":{"x":0.112,"y":1},"o":{"x":0.333,"y":0},"t":20,"s":[964.032,633.79,0],"to":[0,0,0],"ti":[0,0,0]},{"i":{"x":0.833,"y":0.833},"o":{"x":0.167,"y":0.167},"t":28,"s":[964.032,549.79,0],"to":[0,0,0],"ti":[0,0,0]},{"i":{"x":0.667,"y":1},"o":{"x":0.888,"y":0},"t":60,"s":[964.032,549.79,0],"to":[0,0,0],"ti":[0,0,0]},{"t":68,"s":[964.032,633.79,0]}],"ix":2},"a":{"a":0,"k":[0,0,0],"ix":1},"s":{"a":1,"k":[{"i":{"x":[0.112,0.112,0.667],"y":[1,1,1]},"o":{"x":[0.333,0.333,0.333],"y":[0,0,0]},"t":20,"s":[81,81,100]},{"i":{"x":[0.833,0.833,0.833],"y":[1,1,1]},"o":{"x":[0.167,0.167,0.167],"y":[0,0,0]},"t":28,"s":[100,100,100]},{"i":{"x":[0.667,0.667,0.667],"y":[1,1,1]},"o":{"x":[0.888,0.888,0.333],"y":[0,0,0]},"t":60,"s":[100,100,100]},{"t":68,"s":[81,81,100]}],"ix":6}},"ao":0,"shapes":[{"ty":"gr","it":[{"ind":0,"ty":"sh","ix":1,"ks":{"a":0,"k":{"i":[[0,0],[0,0],[45.89,0],[19.96,31.84],[0.23,0.38],[0,0],[0,0],[0,0],[0,0],[0,0],[0,0],[0,0],[0,0],[0,0],[0,0],[0,0],[0,0],[0,0],[0,0],[0,0],[0,0],[0,0],[0,0],[0,0],[0,0],[0,0],[0,0],[0,0],[0,0],[0,0],[0,0],[0,0],[0,0],[0,0],[0,0],[0,0],[0,0],[0,0],[0,0],[0,0],[0,0],[0,0],[0,0],[0,0],[0,0],[0,0],[0,0],[0,0],[0,0],[0,0],[0,0],[0,0],[0,0],[0,0],[0,0],[0,0],[0,0],[0,0],[0,0],[0,0],[0,0],[0,0],[0,0],[0,0],[0,0],[0,0],[0,0],[0,0],[0,0],[0,0],[0,0],[0,0],[0,0],[0,0],[0,0],[0,0],[0,0],[0,0],[0,0],[0,0],[0,0],[0,0],[0,0],[0,0],[0,0],[0,0],[0,0],[0,0],[0,0],[0,0],[0,0],[0,0],[0,0],[0,0],[0,0],[0,0],[0,0],[0,0],[0,0],[0,0],[0,0],[0,0],[0,0],[0,0],[0,0],[0,0],[0,0]],"o":[[0,0],[-17.66,39.31],[-40.35,0],[-0.24,-0.38],[0,0],[0,0],[0,0],[0,0],[0,0],[0,0],[0,0],[0,0],[0,0],[0,0],[0,0],[0,0],[0,0],[0,0],[0,0],[0,0],[0,0],[0,0],[0,0],[0,0],[0,0],[0,0],[0,0],[0,0],[0,0],[0,0],[0,0],[0,0],[0,0],[0,0],[0,0],[0,0],[0,0],[0,0],[0,0],[0,0],[0,0],[0,0],[0,0],[0,0],[0,0],[0,0],[0,0],[0,0],[0,0],[0,0],[0,0],[0,0],[0,0],[0,0],[0,0],[0,0],[0,0],[0,0],[0,0],[0,0],[0,0],[0,0],[0,0],[0,0],[0,0],[0,0],[0,0],[0,0],[0,0],[0,0],[0,0],[0,0],[0,0],[0,0],[0,0],[0,0],[0,0],[0,0],[0,0],[0,0],[0,0],[0,0],[0,0],[0,0],[0,0],[0,0],[0,0],[0,0],[0,0],[0,0],[0,0],[0,0],[0,0],[0,0],[0,0],[0,0],[0,0],[0,0],[0,0],[0,0],[0,0],[0,0],[0,0],[0,0],[0,0],[0,0],[0,0]],"v":[[99.3,-14.47],[99.74,-14.47],[-3.31,52.21],[-99.04,-0.8],[-99.74,-1.94],[-99.74,-23.99],[-95.16,-23.99],[-95.16,-31.95],[-86.48,-31.95],[-86.48,-36.05],[-83.83,-36.05],[-83.83,-52.21],[-81.54,-52.21],[-81.54,-35.93],[-79.13,-35.93],[-79.13,-32.55],[-72.38,-32.55],[-72.38,-28.94],[-67.55,-28.94],[-67.55,-30.14],[-63.94,-30.14],[-63.94,3.13],[-59.36,3.13],[-59.36,4.34],[-57.91,4.34],[-57.91,14.95],[-54.53,14.95],[-54.53,17.36],[-53.33,17.36],[-53.33,24.35],[-50.92,24.35],[-50.92,20.01],[-47.06,20.01],[-47.06,13.74],[-44.65,13.74],[-44.65,5.78],[-42.96,5.78],[-42.96,-2.41],[-40.31,-2.41],[-40.31,-8.68],[-35.49,-8.68],[-35.49,-12.78],[-28.49,-12.78],[-28.49,-21.7],[-25.12,-21.7],[-25.12,-12.78],[-21.02,-12.78],[-21.02,-8.68],[-17.64,-8.68],[-17.64,-2.66],[-10.65,-2.66],[-10.65,-7.96],[-8.48,-7.96],[-8.48,-9.17],[-6.07,-9.17],[-6.07,-10.85],[-2.45,-10.85],[-2.45,-6.27],[0.2,-6.27],[0.2,11.33],[2.37,11.33],[2.37,17.36],[3.82,17.36],[3.82,31.82],[5.99,31.82],[5.99,33.03],[7.43,33.03],[7.43,-39.55],[15.39,-39.55],[15.39,-44.61],[20.21,-44.61],[20.21,-46.54],[25.28,-46.54],[25.28,-44.13],[32.03,-44.13],[32.03,-39.55],[36.61,-39.55],[36.61,23.14],[39.02,23.14],[39.02,24.59],[41.91,24.59],[41.91,23.14],[44.08,23.14],[44.08,9.16],[50.35,9.16],[50.35,11.33],[53.73,11.33],[53.73,-14.47],[55.9,-14.47],[55.9,-18.09],[61.44,-18.09],[61.44,-20.74],[66.75,-20.74],[66.75,-30.14],[76.15,-30.14],[76.15,-20.98],[80.73,-20.98],[80.73,-18.09],[85.31,-18.09],[85.31,-22.91],[88.93,-22.91],[88.93,-31.35],[91.58,-31.35],[91.58,-22.91],[94.96,-22.91],[94.96,-18.33],[99.3,-18.33]],"c":true},"ix":2},"nm":"路径 1","mn":"ADBE Vector Shape - Group","hd":false},{"ty":"fl","c":{"a":0,"k":[0.169174433689,0.013550232906,0.19837622549,1],"ix":4},"o":{"a":0,"k":100,"ix":5},"r":1,"bm":0,"nm":"Fill 1","mn":"ADBE Vector Graphic - Fill","hd":false},{"ty":"tr","p":{"a":0,"k":[0,0],"ix":2},"a":{"a":0,"k":[0,0],"ix":1},"s":{"a":0,"k":[100,100],"ix":3},"r":{"a":0,"k":0,"ix":6},"o":{"a":0,"k":100,"ix":7},"sk":{"a":0,"k":0,"ix":4},"sa":{"a":0,"k":0,"ix":5},"nm":"变换"}],"nm":"Group 1","np":2,"cix":2,"bm":0,"ix":1,"mn":"ADBE Vector Group","hd":false}],"ip":0,"op":147,"st":0,"bm":0},{"ddd":0,"ind":4,"ty":4,"nm":"shad","sr":1,"ks":{"o":{"a":0,"k":100,"ix":11},"r":{"a":0,"k":0,"ix":10},"p":{"a":0,"k":[338.921,759.483,0],"ix":2},"a":{"a":0,"k":[959.921,758.864,0],"ix":1},"s":{"a":1,"k":[{"i":{"x":[0.667,0.667,0.667],"y":[1,1,1]},"o":{"x":[0.333,0.333,0.333],"y":[0,0,0]},"t":20,"s":[100,100,100]},{"i":{"x":[0.667,0.667,0.667],"y":[1,1,1]},"o":{"x":[0.333,0.333,0.333],"y":[0,0,0]},"t":22.1,"s":[131,131,100]},{"i":{"x":[0.667,0.667,0.667],"y":[1,1,1]},"o":{"x":[0.304,0.304,0.304],"y":[0,0,0]},"t":24,"s":[100,100,100]},{"i":{"x":[0.667,0.667,0.667],"y":[1,1,1]},"o":{"x":[0.333,0.333,0.333],"y":[0,0,0]},"t":60,"s":[100,100,100]},{"i":{"x":[0.667,0.667,0.667],"y":[1,1,1]},"o":{"x":[0.333,0.333,0.333],"y":[0,0,0]},"t":62.5,"s":[131,131,100]},{"t":65,"s":[100,100,100]}],"ix":6}},"ao":0,"shapes":[{"ty":"gr","it":[{"ind":0,"ty":"sh","ix":1,"ks":{"a":0,"k":{"i":[[-10.492,-3.25],[53.341,0],[-16.474,5.103],[-22.77,0]],"o":[[16.474,5.103],[-53.341,0],[10.492,-3.25],[22.77,0]],"v":[[57.79,-3.444],[0,8.574],[-57.79,-3.444],[0,-8.574]],"c":true},"ix":2},"nm":"路径 1","mn":"ADBE Vector Shape - Group","hd":false},{"ty":"fl","c":{"a":0,"k":[0.20000000298,0.20000000298,0.20000000298,1],"ix":4},"o":{"a":0,"k":100,"ix":5},"r":1,"bm":0,"nm":"Fill 1","mn":"ADBE Vector Graphic - Fill","hd":false},{"ty":"tr","p":{"a":0,"k":[959.921,758.864],"ix":2},"a":{"a":0,"k":[0,0],"ix":1},"s":{"a":0,"k":[100,100],"ix":3},"r":{"a":0,"k":0,"ix":6},"o":{"a":0,"k":100,"ix":7},"sk":{"a":0,"k":0,"ix":4},"sa":{"a":0,"k":0,"ix":5},"nm":"变换"}],"nm":"Group 1","np":2,"cix":2,"bm":0,"ix":1,"mn":"ADBE Vector Group","hd":false},{"ty":"gr","it":[{"ty":"tr","p":{"a":0,"k":[959.921,759.483],"ix":2},"a":{"a":0,"k":[959.921,759.483],"ix":1},"s":{"a":0,"k":[100,100],"ix":3},"r":{"a":0,"k":0,"ix":6},"o":{"a":0,"k":100,"ix":7},"sk":{"a":0,"k":0,"ix":4},"sa":{"a":0,"k":0,"ix":5},"nm":"变换"}],"nm":"Group 2","np":0,"cix":2,"bm":0,"ix":2,"mn":"ADBE Vector Group","hd":false}],"ip":0,"op":147,"st":0,"bm":0},{"ddd":0,"ind":5,"ty":4,"nm":"形状图层 1","parent":1,"sr":1,"ks":{"o":{"a":0,"k":100,"ix":11},"r":{"a":0,"k":0,"ix":10},"p":{"a":0,"k":[946,780,0],"ix":2},"a":{"a":0,"k":[0,0,0],"ix":1},"s":{"a":0,"k":[100,100,100],"ix":6}},"ao":0,"shapes":[{"ty":"gr","it":[{"d":1,"ty":"el","s":{"a":0,"k":[225.133,225.133],"ix":2},"p":{"a":0,"k":[0,0],"ix":3},"nm":"椭圆路径 1","mn":"ADBE Vector Shape - Ellipse","hd":false},{"ty":"fl","c":{"a":0,"k":[1,1,1,1],"ix":4},"o":{"a":0,"k":100,"ix":5},"r":1,"bm":0,"nm":"填充 1","mn":"ADBE Vector Graphic - Fill","hd":false},{"ty":"tr","p":{"a":0,"k":[12.566,-293.434],"ix":2},"a":{"a":0,"k":[0,0],"ix":1},"s":{"a":0,"k":[100,100],"ix":3},"r":{"a":0,"k":0,"ix":6},"o":{"a":0,"k":100,"ix":7},"sk":{"a":0,"k":0,"ix":4},"sa":{"a":0,"k":0,"ix":5},"nm":"变换"}],"nm":"椭圆 1","np":3,"cix":2,"bm":0,"ix":1,"mn":"ADBE Vector Group","hd":false}],"ip":0,"op":79,"st":0,"bm":0}]}],"layers":[{"ddd":0,"ind":1,"ty":0,"nm":"Pre-comp 2","refId":"comp_0","sr":1,"ks":{"o":{"a":0,"k":100,"ix":11},"r":{"a":0,"k":0,"ix":10},"p":{"a":0,"k":[270,345,0],"ix":2},"a":{"a":0,"k":[339,426.5,0],"ix":1},"s":{"a":0,"k":[81,81,100],"ix":6}},"ao":0,"w":678,"h":853,"ip":0,"op":79,"st":0,"bm":0}],"markers":[]}